{"i": 33, "k": 7, "g_max": 0.9823788546255506, "g_max_te": 0.881578947368421}