{"i": 4, "k": 5, "g_max": 0.7871657754010695, "g_max_te": 0.6089743589743589}