{"i": 4, "k": 2, "g_max": 0.7454545454545455, "g_max_te": 0.7090909090909091}