{"i": 7, "k": 13, "g_max": 0.982078853046595, "g_max_te": 0.6785714285714286}