{"i": 36, "k": 5, "g_max": 0.9297752808988764, "g_max_te": 0.7865168539325843}