{
    "train": 0.014998539953582326,
    "test": 0.019650415794569113
}