{
    "train": 0.007123413875536523,
    "test": 0.019100833974726457
}